"Province_State","X1.22.20","2020-01-23","2020-01-24","2020-01-25","2020-01-26","2020-01-27","2020-01-28","2020-01-29","2020-01-30","2020-01-31","2020-02-01","2020-02-02","2020-02-03","2020-02-04","2020-02-05","2020-02-06","2020-02-07","2020-02-08","2020-02-09","2020-02-10","2020-02-11","2020-02-12","2020-02-13","2020-02-14","2020-02-15","2020-02-16","2020-02-17","2020-02-18","2020-02-19","2020-02-20","2020-02-21","2020-02-22","2020-02-23","2020-02-24","2020-02-25","2020-02-26","2020-02-27","2020-02-28","2020-02-29","2020-03-01","2020-03-02","2020-03-03","2020-03-04","2020-03-05","2020-03-06","2020-03-07","2020-03-08","2020-03-09","2020-03-10","2020-03-11","2020-03-12","2020-03-13","2020-03-14","2020-03-15","2020-03-16","2020-03-17","2020-03-18","2020-03-19","2020-03-20","2020-03-21","2020-03-22","2020-03-23","2020-03-24","2020-03-25","2020-03-26","2020-03-27","2020-03-28","2020-03-29","2020-03-30","2020-03-31","2020-04-01","2020-04-02","2020-04-03","2020-04-04","2020-04-05","2020-04-06","2020-04-07","2020-04-08","2020-04-09","2020-04-10","2020-04-11","2020-04-12","2020-04-13","2020-04-14","2020-04-15","2020-04-16","2020-04-17","2020-04-18","2020-04-19","2020-04-20","2020-04-21","2020-04-22","2020-04-23","2020-04-24","2020-04-25","2020-04-26","2020-04-27","2020-04-28","2020-04-29","2020-04-30","2020-05-01","2020-05-02","2020-05-03","2020-05-04","2020-05-05","2020-05-06","2020-05-07","2020-05-08","2020-05-09","2020-05-10","2020-05-11","2020-05-12","2020-05-13","2020-05-14","2020-05-15","2020-05-16","2020-05-17","2020-05-18","2020-05-19","2020-05-20","2020-05-21","2020-05-22"
"Alabama",0,0,0,0,0,0,0,0,0,0,0,0,0,0,0,0,0,0,0,0,0,0,0,0,0,0,0,0,0,0,0,0,0,0,0,0,0,0,0,0,0,0,0,0,0,0,0,0,0,0,0,5,2,4,18,10,12,27,28,25,26,39,46,139,136,70,107,131,74,88,73,173,262,119,151,187,217,159,375,244,270,346,171,219,122,270,226,141,176,191,238,276,239,194,0,395,118,211,162,176,206,317,277,224,325,254,355,339,283,221,275,300,236,401,272,301,97,315,290,676,236,382
"Alaska",0,0,0,0,0,0,0,0,0,0,0,0,0,0,0,0,0,0,0,0,0,0,0,0,0,0,0,0,0,0,0,0,0,0,0,0,0,0,0,0,0,0,0,0,0,0,0,0,0,0,0,1,0,0,0,2,2,3,3,2,5,12,4,7,15,2,27,17,12,5,13,11,14,14,14,5,23,13,9,11,11,15,5,8,8,7,9,5,5,2,8,6,2,2,0,1,5,6,4,0,9,1,3,2,1,1,2,3,1,1,0,4,0,0,5,0,0,0,12,1,0,2
"American Samoa",0,0,0,0,0,0,0,0,0,0,0,0,0,0,0,0,0,0,0,0,0,0,0,0,0,0,0,0,0,0,0,0,0,0,0,0,0,0,0,0,0,0,0,0,0,0,0,0,0,0,0,0,0,0,0,0,0,0,0,0,0,0,0,0,0,0,0,0,0,0,0,0,0,0,0,0,0,0,0,0,0,0,0,0,0,0,0,0,0,0,0,0,0,0,0,0,0,0,0,0,0,0,0,0,0,0,0,0,0,0,0,0,0,0,0,0,0,0,0,0,0,0
"Arizona",0,0,0,0,1,0,0,0,0,0,0,0,0,0,0,0,0,0,0,0,0,0,0,0,0,0,0,0,0,0,0,0,0,0,0,0,0,0,0,0,0,0,0,0,1,2,0,0,2,3,0,0,3,0,6,2,7,18,23,36,48,83,91,75,107,157,108,146,238,132,124,183,173,250,250,191,115,151,292,94,281,149,163,104,155,273,274,213,209,135,188,217,299,273,241,248,191,230,254,446,314,395,276,284,381,402,238,581,434,159,264,353,480,458,495,497,279,263,368,330,442,276
"Arkansas",0,0,0,0,0,0,0,0,0,0,0,0,0,0,0,0,0,0,0,0,0,0,0,0,0,0,0,0,0,0,0,0,0,0,0,0,0,0,0,0,0,0,0,0,0,0,0,0,0,0,0,9,3,-9,0,0,1,58,38,22,43,27,27,61,55,46,28,17,47,50,61,59,61,39,94,38,71,54,119,52,57,52,130,88,71,51,75,49,37,192,17,286,323,211,101,90,68,58,66,88,56,35,65,54,34,86,92,44,0,265,31,121,72,130,97,115,181,54,110,80,455,154
"California",0,0,0,0,2,0,0,0,0,1,0,0,3,0,0,0,0,0,0,0,1,0,1,0,0,0,0,0,0,0,2,0,0,0,0,0,1,0,1,0,9,4,10,16,8,22,14,6,43,34,43,60,91,1,184,143,128,177,238,162,241,462,430,460,901,758,438,757,1286,1072,1189,1374,1231,833,2197,985,1332,1546,813,1371,625,1089,1136,1425,1330,991,1480,1334,940,2255,1779,1879,2217,1794,1013,1190,1408,1198,2583,1383,1896,1321,1556,981,2572,2160,1532,1631,2779,1042,1729,1649,1820,2073,1822,2032,1441,1291,2295,2245,2034,2221
"Colorado",0,0,0,0,0,0,0,0,0,0,0,0,0,0,0,0,0,0,0,0,0,0,0,0,0,0,0,0,0,0,0,0,0,0,0,0,0,0,0,0,0,0,0,2,6,0,0,4,5,17,15,29,25,33,25,22,33,62,86,111,120,128,189,175,343,308,323,247,319,339,376,386,445,392,385,233,246,226,547,311,380,414,389,254,330,395,372,393,290,382,361,418,387,978,712,473,438,437,442,526,509,432,410,283,449,465,538,457,548,328,176,278,318,363,394,401,305,264,280,315,394,296
"Connecticut",0,0,0,0,0,0,0,0,0,0,0,0,0,0,0,0,0,0,0,0,0,0,0,0,0,0,0,0,0,0,0,0,0,0,0,0,0,0,0,0,0,0,0,0,0,0,0,0,1,2,2,6,12,1,17,27,28,63,35,0,133,88,203,257,137,279,233,469,578,557,429,267,1090,362,399,1231,875,0,2003,754,972,525,1346,608,766,1129,925,741,412,1853,545,2109,631,836,647,686,728,315,455,933,1064,523,0,686,648,374,789,627,573,570,211,568,522,609,621,618,716,697,314,587,191,432
"Delaware",0,0,0,0,0,0,0,0,0,0,0,0,0,0,0,0,0,0,0,0,0,0,0,0,0,0,0,0,0,0,0,0,0,0,0,0,0,0,0,0,0,0,0,0,0,0,0,0,0,1,0,3,2,0,2,8,3,11,9,6,11,12,36,15,11,33,51,18,32,55,49,25,57,143,80,110,145,188,93,117,153,146,133,168,88,56,247,221,0,207,186,269,108,134,134,458,128,413,80,79,184,120,170,80,83,407,161,172,166,0,288,176,211,271,150,174,123,199,168,157,192,143
"Diamond Princess",0,0,0,0,0,0,0,0,0,0,0,0,0,0,0,0,0,0,0,0,0,0,0,0,0,0,0,0,0,0,0,0,0,0,0,0,0,0,0,0,0,0,0,0,0,0,0,0,0,0,0,0,0,0,0,47,0,0,2,0,0,0,0,0,0,0,0,0,0,0,0,0,0,0,0,0,0,0,0,0,0,0,0,0,0,0,0,0,0,0,0,0,0,0,0,0,0,0,0,0,0,0,0,0,0,0,0,0,0,0,0,0,0,0,0,0,0,0,0,0,0,0
"District of Columbia",0,0,0,0,0,0,0,0,0,0,0,0,0,0,0,0,0,0,0,0,0,0,0,0,0,0,0,0,0,0,0,0,0,0,0,0,0,0,0,0,0,0,0,0,0,0,0,0,0,0,0,0,0,0,22,0,9,9,31,27,4,18,21,46,44,40,33,38,59,94,91,67,104,145,100,95,114,229,83,137,118,97,80,103,139,153,126,190,127,134,171,108,155,167,171,142,51,102,112,217,335,139,219,154,152,139,193,245,203,170,117,96,99,152,135,171,81,147,164,117,237,105
"Florida",0,0,0,0,0,0,0,0,0,0,0,0,0,0,0,0,0,0,0,0,0,0,0,0,0,0,0,0,0,0,0,0,0,0,0,0,0,0,0,0,1,1,0,1,0,4,3,3,2,9,6,20,26,24,1,89,116,126,132,199,241,223,185,270,675,543,863,483,1227,1268,215,2052,1260,1269,813,974,1221,911,908,1167,963,1401,1124,609,883,832,1416,733,822,745,810,440,1339,885,306,693,606,710,345,497,1038,735,615,819,542,563,826,371,802,595,386,941,479,808,928,673,777,854,502,527,1204,776
"Georgia",0,0,0,0,0,0,0,0,0,0,0,0,0,0,0,0,0,0,0,0,0,0,0,0,0,0,0,0,0,0,0,0,0,0,0,0,0,0,0,0,0,2,0,0,1,2,0,5,7,6,8,11,31,26,22,25,51,90,198,70,66,151,254,221,278,475,366,285,157,1121,709,710,483,329,487,667,1508,1079,665,919,674,293,863,1263,409,682,1525,475,632,1106,474,1333,669,608,731,264,816,620,853,489,1225,842,334,786,547,745,875,563,407,992,422,922,503,550,795,440,367,704,572,946,862,819
"Grand Princess",0,0,0,0,0,0,0,0,0,0,0,0,0,0,0,0,0,0,0,0,0,0,0,0,0,0,0,0,0,0,0,0,0,0,0,0,0,0,0,0,0,0,0,0,0,0,0,0,0,0,0,0,0,0,20,1,0,1,1,0,7,-2,0,0,0,0,75,0,0,0,0,0,0,0,0,0,0,0,0,0,0,0,0,0,0,0,0,0,0,0,0,0,0,0,0,0,0,0,0,0,0,0,0,0,0,0,0,0,0,0,0,0,0,0,0,0,0,0,0,0,0,0
"Guam",0,0,0,0,0,0,0,0,0,0,0,0,0,0,0,0,0,0,0,0,0,0,0,0,0,0,0,0,0,0,0,0,0,0,0,0,0,0,0,0,0,0,0,0,0,0,0,0,0,0,0,0,0,0,3,0,2,7,2,1,12,2,3,5,8,6,4,1,2,11,8,5,2,9,19,1,8,0,7,2,3,0,0,0,2,0,1,0,0,0,0,0,3,2,0,0,0,0,0,4,0,0,0,0,0,4,0,2,0,0,0,1,0,0,2,0,0,0,0,0,11,0
"Hawaii",0,0,0,0,0,0,0,0,0,0,0,0,0,0,0,0,0,0,0,0,0,0,0,0,0,0,0,0,0,0,0,0,0,0,0,0,0,0,0,0,0,0,0,0,0,1,0,0,2,-1,0,0,2,2,2,2,5,10,11,0,17,3,34,1,4,11,43,0,26,29,20,32,63,32,20,16,23,0,32,0,23,34,5,7,13,6,11,33,6,4,2,6,4,5,4,1,1,2,4,5,1,1,0,1,4,1,3,0,2,1,2,1,3,-1,1,1,1,0,1,2,4,-5
"Idaho",0,0,0,0,0,0,0,0,0,0,0,0,0,0,0,0,0,0,0,0,0,0,0,0,0,0,0,0,0,0,0,0,0,0,0,0,0,0,0,0,0,0,0,0,0,0,0,0,0,0,0,1,1,2,0,4,1,14,13,6,0,26,13,10,55,59,29,47,59,175,51,210,115,131,56,23,69,40,22,122,42,11,19,38,9,114,22,46,13,4,64,30,70,34,17,10,0,55,0,32,31,46,0,45,21,31,20,0,27,25,30,33,0,58,0,68,0,36,0,51,0,89
"Illinois",0,0,1,0,0,0,0,0,0,1,0,0,0,0,0,0,0,0,0,0,0,0,0,0,0,0,0,0,0,0,0,0,0,0,0,0,0,0,0,1,1,0,0,1,0,1,1,0,5,13,7,14,18,2,17,78,111,150,163,168,296,236,252,328,673,486,467,1105,460,938,986,715,1209,1453,902,1003,1291,1525,1344,1465,1293,1672,1173,1223,1345,1141,1844,1582,1197,1156,1546,2048,1830,2721,2119,2126,1980,2219,2256,2560,3137,2450,2994,2278,2112,2343,2639,2889,2325,1656,1266,4014,1673,3243,2432,2088,1734,2294,1545,2388,2270,2756
"Indiana",0,0,0,0,0,0,0,0,0,0,0,0,0,0,0,0,0,0,0,0,0,0,0,0,0,0,0,0,0,0,0,0,0,0,0,0,0,0,0,0,0,0,0,0,1,0,1,1,3,5,2,0,3,4,5,5,8,22,26,42,76,66,98,109,168,334,254,280,273,372,406,474,399,516,458,545,554,433,408,556,528,493,431,168,433,582,612,487,570,477,409,341,601,642,718,613,949,627,594,653,795,665,638,574,526,837,633,643,586,394,501,500,346,580,603,624,498,477,450,569,662,473
"Iowa",0,0,0,0,0,0,0,0,0,0,0,0,0,0,0,0,0,0,0,0,0,0,0,0,0,0,0,0,0,0,0,0,0,0,0,0,0,0,0,0,0,0,0,0,0,0,0,3,5,5,1,3,0,1,5,0,15,6,1,24,21,15,19,22,33,56,63,38,88,73,50,67,85,88,82,77,100,99,125,118,122,77,123,189,96,146,191,181,389,257,482,107,176,521,647,384,392,508,467,302,739,759,532,528,408,293,655,398,214,288,414,539,377,386,374,279,323,304,341,324,550,322
"Kansas",0,0,0,0,0,0,0,0,0,0,0,0,0,0,0,0,0,0,0,0,0,0,0,0,0,0,0,0,0,0,0,0,0,0,0,0,0,0,0,0,0,0,0,0,0,0,1,0,0,0,3,2,2,0,3,7,4,13,13,9,8,19,16,34,38,34,60,64,42,62,51,68,76,69,53,98,63,134,70,1,158,69,46,51,63,111,115,91,84,143,116,167,390,238,176,142,196,179,187,574,221,251,271,227,265,345,339,335,162,122,208,81,278,187,181,53,14,350,50,154,118,284
"Kentucky",0,0,0,0,0,0,0,0,0,0,0,0,0,0,0,0,0,0,0,0,0,0,0,0,0,0,0,0,0,0,0,0,0,0,0,0,0,0,0,0,0,0,0,0,1,0,0,3,1,3,2,4,2,2,3,5,2,22,14,23,16,20,39,35,50,54,79,58,41,149,4,138,0,147,38,0,194,0,192,352,0,270,55,30,162,225,87,185,253,90,154,174,101,300,136,170,71,219,162,171,174,-3,251,115,577,112,195,159,152,0,237,176,0,372,219,244,0,247,134,98,119,140
"Louisiana",0,0,0,0,0,0,0,0,0,0,0,0,0,0,0,0,0,0,0,0,0,0,0,0,0,0,0,0,0,0,0,0,0,0,0,0,0,0,0,0,0,0,0,0,0,0,0,0,0,5,14,10,48,10,28,81,61,135,145,226,74,335,216,407,509,440,571,225,485,1212,1187,2725,1148,2199,514,1857,1417,746,1253,970,761,581,421,502,433,581,586,462,348,595,331,404,481,401,372,261,295,218,374,341,710,429,200,333,323,403,253,203,562,183,215,235,612,827,348,280,315,277,329,278,1188,421
"Maine",0,0,0,0,0,0,0,0,0,0,0,0,0,0,0,0,0,0,0,0,0,0,0,0,0,0,0,0,0,0,0,0,0,0,0,0,0,0,0,0,0,0,0,0,0,0,0,0,0,0,1,2,0,-1,15,9,9,17,4,14,19,18,11,24,13,13,43,42,22,28,0,73,56,24,14,29,20,18,23,26,30,17,65,37,35,26,31,20,20,8,13,19,30,28,0,50,8,17,16,39,28,30,32,20,21,28,76,44,34,28,26,15,38,50,38,45,39,26,28,78,58,71
"Maryland",0,0,0,0,0,0,0,0,0,0,0,0,0,0,0,0,0,0,0,0,0,0,0,0,0,0,0,0,0,0,0,0,0,0,0,0,0,0,0,0,0,0,0,0,3,0,2,0,3,1,3,6,9,-3,18,18,25,22,42,44,51,46,59,76,158,192,220,244,174,247,326,345,427,367,492,428,326,1158,656,783,726,531,711,536,560,752,788,754,521,837,509,582,962,879,1150,815,906,626,736,893,1730,1001,989,946,709,1046,1211,1111,1049,1053,786,688,751,1091,1083,982,836,958,1784,777,1208,893
"Massachusetts",0,0,0,0,0,0,0,0,0,0,1,0,0,0,0,0,0,0,0,0,0,0,0,0,0,0,0,0,0,0,0,0,0,0,0,0,0,0,0,0,0,1,0,0,4,0,16,0,19,51,15,16,15,0,49,30,35,76,85,110,117,137,382,679,579,823,1017,698,797,868,1118,1228,1436,1334,764,1337,1365,1588,2151,2033,1886,2615,1392,1297,1754,2263,2221,1970,1705,0,3122,1745,3079,4946,2379,1590,1524,1840,1963,1940,2106,1952,1824,1000,1184,1754,1696,1612,1410,1050,669,870,1165,1685,1239,1512,1077,1042,873,1045,1114,805
"Michigan",0,0,0,0,0,0,0,0,0,0,0,0,0,0,0,0,0,0,0,0,0,0,0,0,0,0,0,0,0,0,0,0,0,0,0,0,0,0,0,0,0,0,0,0,0,0,0,0,0,2,0,14,9,7,22,9,56,140,143,138,495,294,464,503,549,789,1016,838,1010,1117,1700,1476,1953,1481,1493,1503,1749,1376,1158,930,1171,639,1391,1366,1058,750,1214,768,633,576,667,1299,1330,1370,408,704,432,1052,1137,980,977,851,594,189,461,728,566,641,429,367,370,469,370,1191,497,459,604,773,435,659,501,403
"Minnesota",0,0,0,0,0,0,0,0,0,0,0,0,0,0,0,0,0,0,0,0,0,0,0,0,0,0,0,0,0,0,0,0,0,0,0,0,0,0,0,0,0,0,0,0,1,0,0,1,0,3,4,5,7,0,32,6,18,12,24,21,33,67,27,25,58,52,45,62,73,53,60,53,46,77,70,51,83,85,86,96,91,194,0,74,114,0,261,139,147,114,97,155,220,243,261,156,209,370,463,492,594,502,431,571,617,728,786,723,702,481,528,695,423,518,805,729,699,704,657,641,530,805
"Mississippi",0,0,0,0,0,0,0,0,0,0,0,0,0,0,0,0,0,0,0,0,0,0,0,0,0,0,0,0,0,0,0,0,0,0,0,0,0,0,0,0,0,0,0,0,0,0,0,0,0,0,1,5,0,0,6,9,13,16,30,60,67,42,71,57,108,94,84,96,88,90,136,104,181,97,183,100,177,88,257,209,173,139,161,145,273,264,169,181,300,238,204,178,259,281,284,193,183,248,227,246,397,229,109,327,330,217,262,404,288,123,173,234,182,393,318,322,173,136,272,263,255,403
"Missouri",0,0,0,0,0,0,0,0,0,0,0,0,0,0,0,0,0,0,0,0,0,0,0,0,0,0,0,0,0,0,0,0,0,0,0,0,0,0,0,0,0,0,0,0,0,0,1,0,0,0,1,2,0,1,1,6,6,21,34,8,19,87,70,97,166,146,170,79,136,306,256,244,7,446,37,389,394,79,223,465,211,161,246,231,45,383,197,208,164,147,176,211,229,282,147,185,185,145,210,158,249,289,262,328,175,202,258,152,178,157,89,112,135,190,172,193,149,134,151,135,161,147
"Montana",0,0,0,0,0,0,0,0,0,0,0,0,0,0,0,0,0,0,0,0,0,0,0,0,0,0,0,0,0,0,0,0,0,0,0,0,0,0,0,0,0,0,0,0,0,0,0,0,0,0,0,1,4,1,0,2,2,1,9,7,7,0,17,14,25,19,20,25,17,27,10,33,2,22,21,13,20,13,22,11,12,10,7,5,5,11,7,4,7,0,4,2,3,2,1,3,1,2,0,2,0,2,0,2,-1,0,0,2,0,0,1,2,1,0,4,2,0,2,1,7,1,0
"Nebraska",0,0,0,0,0,0,0,0,0,0,0,0,0,0,0,0,0,0,0,0,0,0,0,0,0,0,0,0,0,0,0,0,0,0,0,0,0,0,0,0,0,0,0,0,1,0,0,2,0,2,5,4,4,-1,1,5,1,5,8,1,13,0,15,5,3,8,14,12,37,27,38,36,33,42,43,53,30,72,49,67,64,92,23,83,4,51,114,183,225,174,37,128,389,222,295,311,328,159,334,430,727,309,344,376,336,316,645,484,275,78,236,125,380,348,350,610,-43,448,229,268,305,235
"Nevada",0,0,0,0,0,0,0,0,0,0,0,0,0,0,0,0,0,0,0,0,0,0,0,0,0,0,0,0,0,0,0,0,0,0,0,0,0,0,0,0,0,0,0,1,1,0,2,0,0,3,3,8,2,0,25,10,0,40,66,0,29,55,33,45,97,116,90,294,92,102,165,184,51,228,113,98,171,135,197,266,-20,134,154,144,77,3,310,102,102,102,107,144,127,190,141,195,-34,121,113,119,195,141,83,158,30,81,114,65,251,-51,32,161,163,28,229,80,136,112,35,292,12,125
"New Hampshire",0,0,0,0,0,0,0,0,0,0,0,0,0,0,0,0,0,0,0,0,0,0,0,0,0,0,0,0,0,0,0,0,0,0,0,0,0,0,0,0,1,1,0,0,0,0,2,0,0,1,1,0,1,0,10,9,11,5,11,8,12,28,0,7,29,21,29,27,100,43,10,112,0,61,81,94,0,32,72,0,66,44,56,-63,217,0,148,55,48,57,43,98,82,50,77,67,74,72,48,88,164,119,89,70,48,105,102,104,64,60,89,79,60,83,71,103,40,56,69,147,67,79
"New Jersey",0,0,0,0,0,0,0,0,0,0,0,0,0,0,0,0,0,0,0,0,0,0,0,0,0,0,0,0,0,0,0,0,0,0,0,0,0,0,0,0,0,0,0,2,0,2,1,0,10,8,6,20,20,3,104,74,147,344,149,437,587,930,831,727,2474,1949,2299,2262,3250,2060,3559,3335,4305,4229,3381,3585,3326,3021,3590,3561,3563,3699,2734,4240,2206,4287,3150,2953,3881,3421,3665,3527,4111,2171,3302,3540,2150,2668,2509,2287,2538,2527,3027,1525,2324,1297,2101,1849,1557,1357,1452,711,643,1144,1280,1105,1415,1736,1116,1420,810,993
"New Mexico",0,0,0,0,0,0,0,0,0,0,0,0,0,0,0,0,0,0,0,0,0,0,0,0,0,0,0,0,0,0,0,0,0,0,0,0,0,0,0,0,0,0,0,0,0,0,0,0,0,3,2,5,3,0,8,2,5,7,7,13,2,26,17,13,0,23,72,29,0,78,12,46,117,16,118,62,108,27,44,216,10,154,17,83,139,0,113,201,47,126,0,239,169,142,139,66,99,149,239,198,102,219,118,181,107,153,202,180,105,85,206,143,152,139,159,185,91,158,96,125,155,153
"New York",0,0,0,0,0,0,0,0,0,0,0,0,0,0,0,0,0,0,0,0,0,0,0,0,0,0,0,0,0,0,0,0,0,0,0,0,0,0,0,0,1,1,9,12,8,45,30,36,8,70,107,94,192,2,352,611,1460,2666,2699,3324,4073,5084,4797,5160,7036,6999,7534,7238,7015,9170,8115,8558,10481,10846,9327,8655,8060,11186,10718,10569,8678,8007,6716,7271,11434,9237,6906,6877,5908,5034,5103,4703,5238,8130,10553,5902,3951,3110,4585,4681,3942,4663,3438,2538,2239,2786,3491,2938,2715,2273,1660,1430,2176,2390,2762,2419,1889,1250,1474,1525,2088,1696
"North Carolina",0,0,0,0,0,0,0,0,0,0,0,0,0,0,0,0,0,0,0,0,0,0,0,0,0,0,0,0,0,0,0,0,0,0,0,0,0,0,0,0,0,1,0,0,1,0,0,0,5,0,8,2,8,7,7,25,28,44,53,67,49,48,142,95,148,149,133,171,122,222,140,302,274,235,163,313,337,200,237,229,389,216,316,227,227,299,406,283,273,294,239,361,325,470,478,229,431,327,425,574,316,518,182,201,539,543,487,466,472,460,336,348,730,616,526,636,543,534,32,1023,250,1598
"North Dakota",0,0,0,0,0,0,0,0,0,0,0,0,0,0,0,0,0,0,0,0,0,0,0,0,0,0,0,0,0,0,0,0,0,0,0,0,0,0,0,0,0,0,0,0,0,0,0,0,0,0,1,0,0,0,0,2,3,13,7,2,0,2,6,9,6,17,26,4,11,13,20,17,14,13,21,18,12,14,18,9,15,15,23,10,24,28,0,135,57,42,17,35,30,39,55,64,75,49,42,34,40,46,38,34,41,57,48,54,39,27,27,53,76,65,49,87,52,31,63,101,134,88
"Northern Mariana Islands",0,0,0,0,0,0,0,0,0,0,0,0,0,0,0,0,0,0,0,0,0,0,0,0,0,0,0,0,0,0,0,0,0,0,0,0,0,0,0,0,0,0,0,0,0,0,0,0,0,0,0,0,0,0,0,0,0,0,0,0,0,0,0,0,0,0,0,0,0,2,4,0,2,0,0,0,0,3,0,0,0,0,0,0,2,0,0,1,0,0,0,0,0,0,0,0,0,0,0,0,0,0,0,0,0,1,0,0,1,0,3,0,0,0,0,2,0,0,0,0,1,0
"Ohio",0,0,0,0,0,0,0,0,0,0,0,0,0,0,0,0,0,0,0,0,0,0,0,0,0,0,0,0,0,0,0,0,0,0,0,0,0,0,0,0,0,0,0,0,0,0,0,0,3,1,1,7,14,4,20,17,22,30,54,74,109,87,124,137,164,269,269,247,280,266,348,354,411,427,304,410,329,366,364,366,372,354,371,310,509,620,693,1115,1380,1317,806,392,577,475,418,385,353,444,534,724,716,592,579,560,495,607,555,885,681,384,696,473,471,636,597,520,449,531,498,484,731,627
"Oklahoma",0,0,0,0,0,0,0,0,0,0,0,0,0,0,0,0,0,0,0,0,0,0,0,0,0,0,0,0,0,0,0,0,0,0,0,0,0,0,0,0,0,0,0,0,0,1,0,0,1,0,1,0,1,0,6,7,0,27,5,4,14,14,25,58,84,74,55,52,52,87,153,160,109,171,93,75,145,52,160,108,74,102,99,115,79,94,108,0,102,113,127,87,123,104,73,60,27,129,63,145,130,103,121,72,83,75,128,94,66,99,24,119,126,105,124,150,73,88,91,43,148,169
"Oregon",0,0,0,0,0,0,0,0,0,0,0,0,0,0,0,0,0,0,0,0,0,0,0,0,0,0,0,0,0,0,0,0,0,0,0,0,0,0,1,0,2,0,0,0,0,3,8,0,0,5,5,6,6,0,3,27,9,13,26,23,24,30,19,56,50,100,63,69,58,84,46,90,73,0,169,0,64,49,140,1,49,156,57,49,30,73,49,59,66,47,47,55,68,50,76,58,43,31,61,64,69,56,45,79,80,77,73,79,92,68,58,72,58,63,62,71,11,64,39,75,16,47
"Pennsylvania",0,0,0,0,0,0,0,0,0,0,0,0,0,0,0,0,0,0,0,0,0,0,0,0,0,0,0,0,0,0,0,0,0,0,0,0,0,0,0,0,0,0,0,0,2,0,4,1,5,4,6,19,6,0,32,33,43,51,105,88,110,189,248,314,535,550,500,587,723,808,1046,1259,1302,1874,1145,1538,1726,1778,1669,1751,1668,1219,1354,1173,1288,1505,1630,1764,1250,1012,1335,833,2297,1829,945,1463,942,1579,1190,1644,1608,915,731,1591,1048,936,1156,1415,1189,1379,520,851,791,1004,1031,1049,515,969,642,815,1126,959
"Puerto Rico",0,0,0,0,0,0,0,0,0,0,0,0,0,0,0,0,0,0,0,0,0,0,0,0,0,0,0,0,0,0,0,0,0,0,0,0,0,0,0,0,0,0,0,0,0,0,0,0,0,0,0,0,0,0,5,0,0,0,9,7,2,8,8,12,13,15,21,27,47,65,47,30,0,136,23,38,60,47,63,42,63,109,6,20,51,69,25,50,95,39,46,-46,164,-140,31,64,18,11,33,106,36,182,51,35,81,44,63,125,17,25,58,43,30,98,115,47,57,64,95,61,47,117
"Rhode Island",0,0,0,0,0,0,0,0,0,0,0,0,0,0,0,0,0,0,0,0,0,0,0,0,0,0,0,0,0,0,0,0,0,0,0,0,0,0,0,1,1,0,0,0,0,1,0,0,0,2,-2,9,8,0,1,2,10,11,10,12,17,23,18,8,33,38,36,55,114,80,78,79,66,95,116,160,147,221,277,0,622,316,0,586,0,278,648,314,215,384,410,341,415,443,430,310,269,219,320,374,341,327,188,175,281,272,325,249,210,285,176,164,221,181,203,215,240,121,156,405,215,165
"South Carolina",0,0,0,0,0,0,0,0,0,0,0,0,0,0,0,0,0,0,0,0,0,0,0,0,0,0,0,0,0,0,0,0,0,0,0,0,0,0,0,0,0,0,0,0,0,2,0,1,4,3,-3,1,11,0,11,17,13,20,46,48,22,102,44,82,0,118,118,114,151,158,210,261,146,217,132,183,185,0,376,274,144,109,71,162,103,275,168,149,129,69,-7,322,156,153,183,245,115,122,147,213,163,231,137,131,84,95,206,225,164,122,139,135,103,159,218,254,155,126,114,119,206,257
"South Dakota",0,0,0,0,0,0,0,0,0,0,0,0,0,0,0,0,0,0,0,0,0,0,0,0,0,0,0,0,0,0,0,0,0,0,0,0,0,0,0,0,0,0,0,0,0,0,0,0,0,8,-1,1,0,0,2,1,0,3,0,0,7,7,2,11,5,12,10,22,11,7,21,36,22,25,28,48,32,73,54,89,90,104,138,120,180,143,100,131,93,50,70,103,98,84,107,65,32,69,60,76,76,63,43,37,53,59,126,239,248,124,97,49,69,60,95,72,28,40,58,92,0,179
"Tennessee",0,0,0,0,0,0,0,0,0,0,0,0,0,0,0,0,0,0,0,0,0,0,0,0,0,0,0,0,0,0,0,0,0,0,0,0,0,0,0,0,0,0,0,1,0,0,2,0,0,6,9,8,6,0,20,22,26,54,69,81,89,221,158,144,181,221,193,209,197,474,542,80,54,255,311,169,337,224,271,257,241,376,102,217,0,339,97,326,481,168,156,0,872,462,461,478,251,134,314,369,1156,770,516,394,119,248,158,345,327,217,559,567,259,329,261,303,96,652,401,0,549,433
"Texas",0,0,0,0,0,0,0,0,0,0,0,0,0,0,0,0,0,0,0,0,0,0,0,0,0,0,0,0,0,0,0,0,0,0,0,0,0,0,0,0,0,0,0,3,1,4,3,2,3,5,6,17,16,3,22,25,86,110,123,153,61,115,197,274,334,374,518,337,355,662,546,714,665,833,642,834,882,852,1431,897,918,654,598,731,901,969,973,855,556,491,823,747,1329,992,511,814,354,1036,900,1470,965,1225,1081,785,1129,1016,1108,1210,1148,864,1297,877,1588,1460,1241,1731,944,781,1375,1121,1380,486
"Utah",0,0,0,0,0,0,0,0,0,0,0,0,0,0,0,0,0,0,0,0,0,0,0,0,0,0,0,0,0,0,0,0,0,0,0,0,0,0,0,0,0,0,0,0,0,1,0,0,1,1,0,6,1,8,10,11,8,15,33,23,44,95,41,42,56,76,130,118,78,90,0,198,162,180,173,77,61,109,8,247,104,96,60,54,131,135,110,124,152,144,84,148,167,170,166,175,113,109,152,175,156,157,190,142,132,146,129,195,184,148,111,70,188,129,164,155,170,146,134,192,164,183
"Vermont",0,0,0,0,0,0,0,0,0,0,0,0,0,0,0,0,0,0,0,0,0,0,0,0,0,0,0,0,0,0,0,0,0,0,0,0,0,0,0,0,0,0,0,0,0,0,1,0,0,0,1,0,3,0,7,0,1,9,7,20,3,23,20,30,33,26,27,24,21,37,28,17,51,72,51,31,32,30,23,51,32,16,21,4,7,15,5,24,10,3,2,5,2,2,16,8,4,7,0,4,13,7,11,5,5,1,8,3,2,6,-1,1,2,3,1,1,6,0,4,0,6,2
"Virgin Islands",0,0,0,0,0,0,0,0,0,0,0,0,0,0,0,0,0,0,0,0,0,0,0,0,0,0,0,0,0,0,0,0,0,0,0,0,0,0,0,0,0,0,0,0,0,0,0,0,0,0,0,0,0,0,1,1,0,1,0,3,0,1,10,0,0,2,3,1,7,0,0,0,7,3,2,1,0,2,0,5,1,0,0,0,0,0,0,2,0,0,0,1,0,0,1,2,0,0,0,9,0,0,0,0,0,0,0,2,0,1,0,0,0,0,0,0,0,0,0,0,0,0
"Virginia",0,0,0,0,0,0,0,0,0,0,0,0,0,0,0,0,0,0,0,0,0,0,0,0,0,0,0,0,0,0,0,0,0,0,0,0,0,0,0,0,0,0,0,0,0,0,2,0,6,1,3,15,10,0,12,18,12,24,20,34,63,34,39,103,70,141,133,150,130,229,234,223,306,395,233,238,457,310,397,467,568,197,473,435,318,389,602,562,489,448,640,636,732,596,772,604,568,801,623,885,1055,836,934,821,764,728,585,772,854,885,989,730,946,1067,859,1011,705,752,1005,763,1229,813
"Washington",1,0,0,0,0,0,0,0,0,0,0,0,0,0,0,0,0,0,0,0,0,0,0,0,0,0,0,0,0,0,0,0,0,0,0,0,0,0,6,4,7,9,12,31,8,24,20,0,45,115,160,126,74,-39,176,176,67,352,150,269,204,224,107,263,616,270,553,435,458,509,176,781,457,401,578,486,381,584,363,480,315,175,26,164,143,115,460,259,202,136,278,204,157,224,342,202,165,156,228,257,310,366,182,277,132,311,326,157,286,217,231,208,182,261,178,337,145,178,200,160,146,148
"West Virginia",0,0,0,0,0,0,0,0,0,0,0,0,0,0,0,0,0,0,0,0,0,0,0,0,0,0,0,0,0,0,0,0,0,0,0,0,0,0,0,0,0,0,0,0,0,0,0,0,0,0,0,0,0,0,0,0,1,1,6,4,4,0,6,17,13,24,20,17,32,17,29,25,21,45,42,21,67,71,31,60,3,16,18,29,62,26,47,10,105,12,6,31,42,29,0,45,8,32,15,15,27,33,10,29,22,-4,45,36,0,37,6,12,20,29,20,23,22,10,0,65,26,112
"Wisconsin",0,0,0,0,0,0,0,0,0,0,0,0,0,0,0,0,0,0,0,0,0,0,0,0,0,0,0,0,0,0,0,0,0,0,0,0,0,0,0,0,0,0,0,0,0,0,0,0,3,1,4,11,8,1,20,25,38,48,60,63,99,44,56,140,107,198,129,109,66,182,144,192,264,18,290,129,129,132,176,182,145,128,87,127,166,154,178,146,147,153,126,220,207,304,331,225,169,208,231,334,460,346,304,272,330,335,314,375,349,280,199,193,291,373,410,502,356,144,198,528,472,511
"Wyoming",0,0,0,0,0,0,0,0,0,0,0,0,0,0,0,0,0,0,0,0,0,0,0,0,0,0,0,0,0,0,0,0,0,0,0,0,0,0,0,0,0,0,0,0,0,0,0,0,0,0,1,0,1,0,0,9,5,2,3,2,3,0,3,15,9,17,12,4,8,15,21,20,12,25,10,13,6,5,9,9,22,9,5,7,5,9,9,4,4,4,126,4,6,20,18,11,18,16,9,14,7,13,7,10,8,27,4,9,9,9,7,6,13,13,15,25,13,12,10,11,14,2
